"lists", "dateRead","author""title","publicationDate","bookSeries",	"genre","age","subject","descriptionOfBook","rate","comments",			
"Lists: Books Read", "Date Read: 4/24/2012","Author: Brandon Sanderson","Title: Warbreaker","Publication Date: 3/30/2010","Book Series:","Genre: Fiction","Age: Adult","Subject: Science Fiction & Fantasy","Description of Book:","Rate: 8", 69788

"lists", "dateRead","author","title","publicationDate","bookSeries","genre","age","subject","descriptionOfBook","rate","comments"
"Lists: Books Read", "Date Read: 6/10/2012","Author: Jonathan Stroud","Title: The ring of Solomon","Publication Date: 1/24/2012","Book Series:","Genre: Fiction","Age: Adult","Subject: Science Fiction & Fantasy","Description of Book:","Rate: 10", 72274

"lists", "dateRead","author","title","publicationDate","bookSeries","genre","age","subject","descriptionOfBook","rate","comments"
"Lists: Books I will Read", "Date Read:","Author: Aliso Goodman","Title: Eona","Publication Date: 4/19/2011","Book Series:","Genre: Fiction","Age: Adult","Subject: Science Fiction & Fantasy","Description of Book:","Rate: 1", 73260

"lists", "dateRead","author","title","publicationDate","bookSeries","genre","age","subject","descriptionOfBook","rate","comments"
"Lists:", "Date Read: 4/24/2012","Author: Rick riordan","Title: The Mark of Athena","Publication Date: 3/2/2012","Book Series: Heroes of Olympus series 3","Genre: Fiction", "Age: Teen","Subject: Science Fiction & Fantasy","Description of Book:","Rate:", 73211

"lists", "dateRead","author","title","publicationDate","bookSeries","genre","age","subject","descriptionOfBook","rate","comments"
"Lists: Books Read", "Date Read:","Author: Bill O'Reilly - Martin","Title: Warbreaker","Publication Date: 10/2/2012","Book Series:","Genre: Nofiction","Age: Adult","Subject:","Description of Book:","Rate:", 72222							
			 	